{
    "r2": 0.9320483946160874,
    "mae": 1.0641308609389997
}